{
    "musicVolume": 0.25777003169059756,
    "sfxVolume": 0.03194398805499077
}